-- -- -- -- -- -- -- -- -- -- -- -- -- -- -- -- -- -- -- -- -- -- -- 
-- 10 registros para la tabla TEATRO
INSERT INTO TEATRO (ID, NOMBRE, LUGAR, CAPACIDAD_ASIENTOS, CIUDAD)
VALUES (1, 'MULTIPLEX PROCINAL SALA 1', 'CC MAYORCA', 110, 'SABANETA');

INSERT INTO TEATRO (ID, NOMBRE, LUGAR, CAPACIDAD_ASIENTOS, CIUDAD)
VALUES (2, 'MULTIPLEX PROCINAL SALA 2', 'CC MAYORCA', 100, 'SABANETA');

INSERT INTO TEATRO (ID, NOMBRE, LUGAR, CAPACIDAD_ASIENTOS, CIUDAD)
VALUES (3, 'MULTIPLEX PROCINAL SALA 3', 'CC MAYORCA', 120, 'SABANETA');

INSERT INTO TEATRO (ID, NOMBRE, LUGAR, CAPACIDAD_ASIENTOS, CIUDAD)
VALUES (4, 'AVENTURA SALA 4D', 'SHOPPING MALL', 75, 'ITAGÜI');

INSERT INTO TEATRO (ID, NOMBRE, LUGAR, CAPACIDAD_ASIENTOS, CIUDAD)
VALUES (5, 'AVENTURA SALA 3D', 'SHOPPING MALL', 65, 'ITAGÜI');

INSERT INTO TEATRO (ID, NOMBRE, LUGAR, CAPACIDAD_ASIENTOS, CIUDAD)
VALUES (6, 'AVENTURA SALA 2D', 'SHOPPING MALL', 65, 'ITAGÜI');

INSERT INTO TEATRO (ID, NOMBRE, LUGAR, CAPACIDAD_ASIENTOS, CIUDAD)
VALUES (7, 'TEATRO U DE MEDELLIN', 'UNIVERSIDAD DE MEDELLIN', 133, 'MEDELLIN');

INSERT INTO TEATRO (ID, NOMBRE, LUGAR, CAPACIDAD_ASIENTOS, CIUDAD)
VALUES (8, 'SALA PRINCIPAL', 'TERMINAL DEL SUR', 80, 'MEDELLIN');

INSERT INTO TEATRO (ID, NOMBRE, LUGAR, CAPACIDAD_ASIENTOS, CIUDAD)
VALUES (9, 'SALA PRINCIPAL', 'TERMINAL DEL SUR', 60, 'MEDELLIN');

INSERT INTO TEATRO (ID, NOMBRE, LUGAR, CAPACIDAD_ASIENTOS, CIUDAD)
VALUES (10, 'SALON JUMBO', 'CENTRO COMERCIAL AMERICANO', 60, 'BARRANQUILLA');

-- -- -- -- -- -- -- -- -- -- -- -- -- -- -- -- -- -- -- -- -- -- -- 
-- 10 registros para la tabla CLIENTE
INSERT INTO CLIENTE (DNI, NOMBRE, APELLIDO, ES_VIP, EMAIL) VALUES 
(101234567890, 'Laura', 'Gómez', 'S', 'laura.gomez@gmal.com');

INSERT INTO CLIENTE (DNI, NOMBRE, APELLIDO, ES_VIP, EMAIL) VALUES 
(101234567891, 'Andrés', 'Ramírez', 'N', 'andres.ramirez@example.com');

INSERT INTO CLIENTE (DNI, NOMBRE, APELLIDO, ES_VIP, EMAIL) VALUES 
(101234567892, 'María', 'Fernández', 'S', 'maria.fernandez@example.com');

INSERT INTO CLIENTE (DNI, NOMBRE, APELLIDO, ES_VIP, EMAIL) VALUES 
(101234567893, 'Carlos', 'Martínez', 'N', 'carlos.martinez@outllok.com');

INSERT INTO CLIENTE (DNI, NOMBRE, APELLIDO, ES_VIP, EMAIL) VALUES 
(101234567894, 'Valentina', 'Ruiz', 'S', 'valentina.ruiz@example.com');

INSERT INTO CLIENTE (DNI, NOMBRE, APELLIDO, ES_VIP, EMAIL) VALUES 
(101234567895, 'Santiago', 'Torres', 'N', 'santiago.torres@example.com');

INSERT INTO CLIENTE (DNI, NOMBRE, APELLIDO, ES_VIP, EMAIL) VALUES 
(101234567896, 'Camila', 'Pérez', 'S', 'camila.perez@hotmail.com');

INSERT INTO CLIENTE (DNI, NOMBRE, APELLIDO, ES_VIP, EMAIL) VALUES 
(101234567897, 'Felipe', 'Rojas', 'N', 'felipe.rojas@example.com');

INSERT INTO CLIENTE (DNI, NOMBRE, APELLIDO, ES_VIP, EMAIL) VALUES 
(101234567898, 'Daniela', 'Castro', 'S', 'daniela.castro@yahoo.es');

INSERT INTO CLIENTE (DNI, NOMBRE, APELLIDO, ES_VIP, EMAIL) VALUES 
(101234567899, 'Miguel', 'Suárez', 'N', 'miguel.suarez@dropbox.com');

-- -- -- -- -- -- -- -- -- -- -- -- -- -- -- -- -- -- -- -- -- -- -- 
-- registros para la tabla TIQUETE
INSERT INTO TIQUETE (ID, CANTIDAD_ASIENTOS, HORARIO_FUNCION, PRECIO, FECHA_COMPRA, ESTADO, FUNCION_ID, CLIENTE_DNI)
VALUES (SEQ_TIQUETE_ID.NEXTVAL, 2, '18:30', 32000.00, SYSDATE - 5/24, 'PAGADO', 1, 101234567890);

INSERT INTO TIQUETE (ID, CANTIDAD_ASIENTOS, HORARIO_FUNCION, PRECIO, FECHA_COMPRA, ESTADO, FUNCION_ID, CLIENTE_DNI)
VALUES (SEQ_TIQUETE_ID.NEXTVAL, 1, '20:00', 18000.00, SYSDATE - 10/24, 'RESERVADO', 2, 101234567891);

INSERT INTO TIQUETE (ID, CANTIDAD_ASIENTOS, HORARIO_FUNCION, PRECIO, FECHA_COMPRA, ESTADO, FUNCION_ID, CLIENTE_DNI)
VALUES (SEQ_TIQUETE_ID.NEXTVAL, 3, '16:45', 45000.00, SYSDATE - 1/24, 'PAGADO', 3, 101234567892);

INSERT INTO TIQUETE (ID, CANTIDAD_ASIENTOS, HORARIO_FUNCION, PRECIO, FECHA_COMPRA, ESTADO, FUNCION_ID, CLIENTE_DNI)
VALUES (SEQ_TIQUETE_ID.NEXTVAL, 2, '21:15', 36000.00, SYSDATE - 3/24, 'CANCELADO', 4, 101234567893);

INSERT INTO TIQUETE (ID, CANTIDAD_ASIENTOS, HORARIO_FUNCION, PRECIO, FECHA_COMPRA, ESTADO, FUNCION_ID, CLIENTE_DNI)
VALUES (SEQ_TIQUETE_ID.NEXTVAL, 1, '19:00', 20000.00, SYSDATE - 8/24, 'PAGADO', 5, 101234567894);

INSERT INTO TIQUETE (ID, CANTIDAD_ASIENTOS, HORARIO_FUNCION, PRECIO, FECHA_COMPRA, ESTADO, FUNCION_ID, CLIENTE_DNI)
VALUES (SEQ_TIQUETE_ID.NEXTVAL, 4, '14:30', 60000.00, SYSDATE - 2/24, 'PAGADO', 1, 101234567895);

INSERT INTO TIQUETE (ID, CANTIDAD_ASIENTOS, HORARIO_FUNCION, PRECIO, FECHA_COMPRA, ESTADO, FUNCION_ID, CLIENTE_DNI)
VALUES (SEQ_TIQUETE_ID.NEXTVAL, 2, '17:15', 30000.00, SYSDATE - 4/24, 'RESERVADO', 2, 101234567896);

INSERT INTO TIQUETE (ID, CANTIDAD_ASIENTOS, HORARIO_FUNCION, PRECIO, FECHA_COMPRA, ESTADO, FUNCION_ID, CLIENTE_DNI)
VALUES (SEQ_TIQUETE_ID.NEXTVAL, 3, '15:45', 48000.00, SYSDATE - 6/24, 'PAGADO', 3, 101234567897);

INSERT INTO TIQUETE (ID, CANTIDAD_ASIENTOS, HORARIO_FUNCION, PRECIO, FECHA_COMPRA, ESTADO, FUNCION_ID, CLIENTE_DNI)
VALUES (SEQ_TIQUETE_ID.NEXTVAL, 1, '22:00', 25000.00, SYSDATE - 1/24, 'PAGADO', 4, 101234567898);

INSERT INTO TIQUETE (ID, CANTIDAD_ASIENTOS, HORARIO_FUNCION, PRECIO, FECHA_COMPRA, ESTADO, FUNCION_ID, CLIENTE_DNI)
VALUES (SEQ_TIQUETE_ID.NEXTVAL, 2, '13:00', 36000.00, SYSDATE - 7/24, 'PAGADO', 5, 101234567899);

INSERT INTO TIQUETE (ID, CANTIDAD_ASIENTOS, HORARIO_FUNCION, PRECIO, FECHA_COMPRA, ESTADO, FUNCION_ID, CLIENTE_DNI)
VALUES (SEQ_TIQUETE_ID.NEXTVAL, 1, '12:00', 18000.00, SYSDATE, 'RESERVADO', 1, 101234567890);

INSERT INTO TIQUETE (ID, CANTIDAD_ASIENTOS, HORARIO_FUNCION, PRECIO, FECHA_COMPRA, ESTADO, FUNCION_ID, CLIENTE_DNI)
VALUES (SEQ_TIQUETE_ID.NEXTVAL, 3, '23:15', 54000.00, SYSDATE, 'PAGADO', 2, 101234567894);

-- -- -- -- -- -- -- -- -- -- -- -- -- -- -- -- -- -- -- -- -- -- -- 
-- registros para la tabla RESERVA_ASIENTO
INSERT INTO RESERVA_ASIENTO (ID, ASIENTO, TIQUETE_ID) VALUES (1, 'A1', 22);
INSERT INTO RESERVA_ASIENTO (ID, ASIENTO, TIQUETE_ID) VALUES (2, 'A2', 22);

INSERT INTO RESERVA_ASIENTO (ID, ASIENTO, TIQUETE_ID) VALUES (3, 'B5', 21);
INSERT INTO RESERVA_ASIENTO (ID, ASIENTO, TIQUETE_ID) VALUES (4, 'B6', 21);

INSERT INTO RESERVA_ASIENTO (ID, ASIENTO, TIQUETE_ID) VALUES (5, 'C3', 13);
INSERT INTO RESERVA_ASIENTO (ID, ASIENTO, TIQUETE_ID) VALUES (6, 'C4', 13);
INSERT INTO RESERVA_ASIENTO (ID, ASIENTO, TIQUETE_ID) VALUES (7, 'C5', 13);

INSERT INTO RESERVA_ASIENTO (ID, ASIENTO, TIQUETE_ID) VALUES (8, 'D1', 14);

INSERT INTO RESERVA_ASIENTO (ID, ASIENTO, TIQUETE_ID) VALUES (9, 'E2', 15);
INSERT INTO RESERVA_ASIENTO (ID, ASIENTO, TIQUETE_ID) VALUES (10, 'E3', 15);

INSERT INTO RESERVA_ASIENTO (ID, ASIENTO, TIQUETE_ID) VALUES (11, 'F7', 16);
INSERT INTO RESERVA_ASIENTO (ID, ASIENTO, TIQUETE_ID) VALUES (12, 'F8', 16);

INSERT INTO RESERVA_ASIENTO (ID, ASIENTO, TIQUETE_ID) VALUES (13, 'G4', 17);

INSERT INTO RESERVA_ASIENTO (ID, ASIENTO, TIQUETE_ID) VALUES (14, 'H2', 18);
INSERT INTO RESERVA_ASIENTO (ID, ASIENTO, TIQUETE_ID) VALUES (15, 'H3', 18);
INSERT INTO RESERVA_ASIENTO (ID, ASIENTO, TIQUETE_ID) VALUES (16, 'H4', 18);

INSERT INTO RESERVA_ASIENTO (ID, ASIENTO, TIQUETE_ID) VALUES (17, 'J1', 19);
INSERT INTO RESERVA_ASIENTO (ID, ASIENTO, TIQUETE_ID) VALUES (18, 'J2', 19);

INSERT INTO RESERVA_ASIENTO (ID, ASIENTO, TIQUETE_ID) VALUES (19, 'K3', 20);

INSERT INTO RESERVA_ASIENTO (ID, ASIENTO, TIQUETE_ID) VALUES (20, 'L5', 21);
INSERT INTO RESERVA_ASIENTO (ID, ASIENTO, TIQUETE_ID) VALUES (21, 'L6', 21);

INSERT INTO RESERVA_ASIENTO (ID, ASIENTO, TIQUETE_ID) VALUES (22, 'M1', 22);
